2026-09-17T00:19:16Z	idle	2026-09-17T00:18:56Z	2026-09-17T00:18:56Z	idle	-	-	steady
2026-09-17T00:20:01Z	idle	2026-09-17T00:19:56Z	2026-09-17T00:19:56Z	idle	-	-	steady
2026-09-17T00:20:46Z	idle	2026-09-17T00:19:56Z	2026-09-17T00:19:56Z	idle	-	-	steady
2026-09-17T00:21:32Z	idle	2026-09-17T00:20:57Z	2026-09-17T00:20:57Z	idle	-	-	steady
2026-09-17T00:22:17Z	idle	2026-09-17T00:21:58Z	2026-09-17T00:21:58Z	idle	-	-	steady
2026-09-17T00:23:02Z	idle	2026-09-17T00:23:01Z	2026-09-17T00:23:01Z	idle	-	-	steady
2026-09-17T00:23:47Z	idle	2026-09-17T00:23:01Z	2026-09-17T00:23:01Z	idle	-	-	steady
2026-09-17T00:24:33Z	idle	2026-09-17T00:24:02Z	2026-09-17T00:24:02Z	idle	-	-	steady
2026-09-17T00:25:18Z	idle	2026-09-17T00:25:02Z	2026-09-17T00:25:02Z	idle	-	-	steady
2026-09-17T00:26:03Z	idle	2026-09-17T00:25:02Z	2026-09-17T00:25:02Z	idle	-	-	steady
2026-09-17T00:26:48Z	idle	2026-09-17T00:26:03Z	2026-09-17T00:26:03Z	idle	-	-	steady
2026-09-17T00:27:33Z	idle	2026-09-17T00:27:04Z	2026-09-17T00:27:04Z	idle	-	-	steady
2026-09-17T00:28:19Z	idle	2026-09-17T00:28:04Z	2026-09-17T00:28:04Z	idle	-	-	steady
2026-09-17T00:29:04Z	idle	2026-09-17T00:28:04Z	2026-09-17T00:28:04Z	idle	-	-	steady
2026-09-17T00:29:50Z	idle	2026-09-17T00:29:05Z	2026-09-17T00:29:05Z	idle	-	-	steady
2026-09-17T00:30:35Z	idle	2026-09-17T00:30:06Z	2026-09-17T00:30:06Z	idle	-	-	steady
2026-09-17T00:31:21Z	idle	2026-09-17T00:31:07Z	2026-09-17T00:31:07Z	idle	-	-	steady
2026-09-17T00:32:06Z	idle	2026-09-17T00:31:07Z	2026-09-17T00:31:07Z	idle	-	-	steady
2026-09-17T00:32:52Z	idle	2026-09-17T00:32:08Z	2026-09-17T00:32:08Z	idle	-	-	steady
2026-09-17T00:33:37Z	idle	2026-09-17T00:33:09Z	2026-09-17T00:33:09Z	idle	-	-	steady
2026-09-17T00:34:22Z	idle	2026-09-17T00:34:09Z	2026-09-17T00:34:09Z	idle	-	-	steady
2026-09-17T00:35:08Z	idle	2026-09-17T00:34:09Z	2026-09-17T00:34:09Z	idle	-	-	steady
2026-09-17T00:35:53Z	idle	2026-09-17T00:35:10Z	2026-09-17T00:35:10Z	idle	-	-	steady
2026-09-17T00:36:39Z	idle	2026-09-17T00:36:11Z	2026-09-17T00:36:11Z	idle	-	-	steady
2026-09-17T00:37:24Z	idle	2026-09-17T00:37:12Z	2026-09-17T00:37:12Z	idle	-	-	steady
2026-09-17T00:38:09Z	idle	2026-09-17T00:37:12Z	2026-09-17T00:37:12Z	idle	-	-	steady
2026-09-17T00:38:54Z	idle	2026-09-17T00:38:13Z	2026-09-17T00:38:13Z	idle	-	-	steady
2026-09-17T00:39:40Z	idle	2026-09-17T00:39:14Z	2026-09-17T00:39:14Z	idle	-	-	steady
2026-09-17T00:40:25Z	idle	2026-09-17T00:40:15Z	2026-09-17T00:40:15Z	idle	-	-	steady
2026-09-17T00:41:10Z	idle	2026-09-17T00:40:15Z	2026-09-17T00:40:15Z	idle	-	-	steady
2026-09-17T00:41:55Z	idle	2026-09-17T00:41:15Z	2026-09-17T00:41:15Z	idle	-	-	steady
2026-09-17T00:42:41Z	idle	2026-09-17T00:42:16Z	2026-09-17T00:42:16Z	idle	-	-	steady
2026-09-17T00:43:26Z	idle	2026-09-17T00:43:17Z	2026-09-17T00:43:17Z	idle	-	-	steady
2026-09-17T00:44:11Z	idle	2026-09-17T00:43:17Z	2026-09-17T00:43:17Z	idle	-	-	steady
2026-09-17T00:44:56Z	idle	2026-09-17T00:44:18Z	2026-09-17T00:44:18Z	idle	-	-	steady
2026-09-17T00:45:42Z	idle	2026-09-17T00:45:19Z	2026-09-17T00:45:19Z	idle	-	-	steady
2026-09-17T00:46:27Z	idle	2026-09-17T00:46:19Z	2026-09-17T00:46:19Z	idle	-	-	steady
2026-09-17T00:47:12Z	idle	2026-09-17T00:46:19Z	2026-09-17T00:46:19Z	idle	-	-	steady
2026-09-17T00:47:57Z	idle	2026-09-17T00:47:20Z	2026-09-17T00:47:20Z	idle	-	-	steady
2026-09-17T00:48:43Z	idle	2026-09-17T00:48:21Z	2026-09-17T00:48:21Z	idle	-	-	steady
2026-09-17T00:49:28Z	idle	2026-09-17T00:49:22Z	2026-09-17T00:49:22Z	idle	-	-	steady
2026-09-17T00:50:13Z	idle	2026-09-17T00:49:22Z	2026-09-17T00:49:22Z	idle	-	-	steady
2026-09-17T00:50:59Z	idle	2026-09-17T00:50:22Z	2026-09-17T00:50:22Z	idle	-	-	steady
2026-09-17T00:51:44Z	idle	2026-09-17T00:51:23Z	2026-09-17T00:51:23Z	idle	-	-	steady
2026-09-17T00:52:29Z	idle	2026-09-17T00:52:24Z	2026-09-17T00:52:24Z	idle	-	-	steady
2026-09-17T00:53:14Z	idle	2026-09-17T00:52:24Z	2026-09-17T00:52:24Z	idle	-	-	steady
2026-09-17T00:54:00Z	idle	2026-09-17T00:53:25Z	2026-09-17T00:53:25Z	idle	-	-	steady
2026-09-17T00:54:45Z	idle	2026-09-17T00:54:27Z	2026-09-17T00:54:27Z	idle	-	-	steady
2026-09-17T00:55:30Z	idle	2026-09-17T00:55:27Z	2026-09-17T00:55:27Z	idle	-	-	steady
2026-09-17T00:56:16Z	idle	2026-09-17T00:55:27Z	2026-09-17T00:55:27Z	idle	-	-	steady
2026-09-17T00:57:01Z	idle	2026-09-17T00:56:28Z	2026-09-17T00:56:28Z	idle	-	-	steady
2026-09-17T00:57:46Z	idle	2026-09-17T00:57:29Z	2026-09-17T00:57:29Z	idle	-	-	steady
2026-09-17T00:58:31Z	idle	2026-09-17T00:58:29Z	2026-09-17T00:58:29Z	idle	-	-	steady
2026-09-17T00:59:17Z	idle	2026-09-17T00:58:29Z	2026-09-17T00:58:29Z	idle	-	-	steady
2026-09-17T01:00:02Z	idle	2026-09-17T00:59:30Z	2026-09-17T00:59:30Z	idle	-	-	steady
2026-09-17T01:00:47Z	idle	2026-09-17T01:00:31Z	2026-09-17T01:00:31Z	idle	-	-	steady
2026-09-17T01:01:32Z	idle	2026-09-17T01:01:31Z	2026-09-17T01:01:31Z	idle	-	-	steady
2026-09-17T01:02:18Z	idle	2026-09-17T01:01:31Z	2026-09-17T01:01:31Z	idle	-	-	steady
2026-09-17T01:03:03Z	idle	2026-09-17T01:02:32Z	2026-09-17T01:02:32Z	idle	-	-	steady
2026-09-17T01:03:48Z	idle	2026-09-17T01:03:33Z	2026-09-17T01:03:33Z	idle	-	-	steady
2026-09-17T01:04:34Z	idle	2026-09-17T01:04:33Z	2026-09-17T01:04:33Z	idle	-	-	steady
2026-09-17T01:05:19Z	idle	2026-09-17T01:04:33Z	2026-09-17T01:04:33Z	idle	-	-	steady
2026-09-17T01:06:04Z	idle	2026-09-17T01:05:34Z	2026-09-17T01:05:34Z	idle	-	-	steady
2026-09-17T01:06:50Z	idle	2026-09-17T01:06:39Z	2026-09-17T01:06:39Z	idle	-	-	steady
2026-09-17T01:07:35Z	idle	2026-09-17T01:06:39Z	2026-09-17T01:06:39Z	idle	-	-	steady
2026-09-17T01:08:20Z	idle	2026-09-17T01:07:41Z	2026-09-17T01:07:41Z	idle	-	-	steady
2026-09-17T01:09:05Z	idle	2026-09-17T01:08:41Z	2026-09-17T01:08:41Z	idle	-	-	steady
2026-09-17T01:09:51Z	idle	2026-09-17T01:09:42Z	2026-09-17T01:09:42Z	idle	-	-	steady
2026-09-17T01:10:36Z	idle	2026-09-17T01:09:42Z	2026-09-17T01:09:42Z	idle	-	-	steady
2026-09-17T01:11:21Z	idle	2026-09-17T01:10:43Z	2026-09-17T01:10:43Z	idle	-	-	steady
2026-09-17T01:12:07Z	idle	2026-09-17T01:11:44Z	2026-09-17T01:11:44Z	idle	-	-	steady
2026-09-17T01:12:52Z	idle	2026-09-17T01:12:45Z	2026-09-17T01:12:45Z	idle	-	-	steady
2026-09-17T01:13:37Z	idle	2026-09-17T01:12:45Z	2026-09-17T01:12:45Z	idle	-	-	steady
2026-09-17T01:14:22Z	idle	2026-09-17T01:13:46Z	2026-09-17T01:13:46Z	idle	-	-	steady
2026-09-17T01:15:08Z	idle	2026-09-17T01:14:47Z	2026-09-17T01:14:47Z	idle	-	-	steady
2026-09-17T01:15:53Z	idle	2026-09-17T01:15:48Z	2026-09-17T01:15:48Z	idle	-	-	steady
2026-09-17T01:16:38Z	idle	2026-09-17T01:15:48Z	2026-09-17T01:15:48Z	idle	-	-	steady
2026-09-17T01:17:23Z	idle	2026-09-17T01:16:48Z	2026-09-17T01:16:48Z	idle	-	-	steady
2026-09-17T01:18:09Z	idle	2026-09-17T01:17:49Z	2026-09-17T01:17:49Z	idle	-	-	steady
2026-09-17T01:18:54Z	idle	2026-09-17T01:18:50Z	2026-09-17T01:18:50Z	idle	-	-	steady
2026-09-17T01:19:39Z	idle	2026-09-17T01:18:50Z	2026-09-17T01:18:50Z	idle	-	-	steady
2026-09-17T01:20:24Z	idle	2026-09-17T01:19:50Z	2026-09-17T01:19:50Z	idle	-	-	steady
2026-09-17T01:21:09Z	idle	2026-09-17T01:20:51Z	2026-09-17T01:20:51Z	idle	-	-	steady
2026-09-17T01:21:54Z	idle	2026-09-17T01:21:52Z	2026-09-17T01:21:52Z	idle	-	-	steady
2026-09-17T01:22:40Z	idle	2026-09-17T01:21:52Z	2026-09-17T01:21:52Z	idle	-	-	steady
2026-09-17T01:23:25Z	idle	2026-09-17T01:22:52Z	2026-09-17T01:22:52Z	idle	-	-	steady
2026-09-17T01:24:10Z	idle	2026-09-17T01:23:53Z	2026-09-17T01:23:53Z	idle	-	-	steady
2026-09-17T01:24:56Z	idle	2026-09-17T01:24:55Z	2026-09-17T01:24:55Z	idle	-	-	steady
2026-09-17T01:25:41Z	idle	2026-09-17T01:24:55Z	2026-09-17T01:24:55Z	idle	-	-	steady
2026-09-17T01:26:26Z	idle	2026-09-17T01:25:56Z	2026-09-17T01:25:56Z	idle	-	-	steady
2026-09-17T01:27:12Z	idle	2026-09-17T01:26:56Z	2026-09-17T01:26:56Z	idle	-	-	steady
2026-09-17T01:27:57Z	idle	2026-09-17T01:26:56Z	2026-09-17T01:26:56Z	idle	-	-	steady
2026-09-17T01:28:42Z	idle	2026-09-17T01:27:57Z	2026-09-17T01:27:57Z	idle	-	-	steady
2026-09-17T01:29:27Z	idle	2026-09-17T01:28:58Z	2026-09-17T01:28:58Z	idle	-	-	steady
2026-09-17T01:30:13Z	idle	2026-09-17T01:29:58Z	2026-09-17T01:29:58Z	idle	-	-	steady
2026-09-17T01:30:58Z	idle	2026-09-17T01:29:58Z	2026-09-17T01:29:58Z	idle	-	-	steady
2026-09-17T01:31:43Z	idle	2026-09-17T01:30:59Z	2026-09-17T01:30:59Z	idle	-	-	steady
2026-09-17T01:32:29Z	idle	2026-09-17T01:32:00Z	2026-09-17T01:32:00Z	idle	-	-	steady
2026-09-17T01:33:14Z	idle	2026-09-17T01:33:01Z	2026-09-17T01:33:01Z	idle	-	-	steady
2026-09-17T01:33:59Z	idle	2026-09-17T01:33:01Z	2026-09-17T01:33:01Z	idle	-	-	steady
