cerulion_workspace_mono_chrt0	1	2026-09-17T00:19:05Z	2026-09-17T00:24:34Z	0
cerulion_workspace_split_chrt0	1	2026-09-17T00:24:34Z	2026-09-17T00:28:35Z	0
cerulion_workspace_mono_chrt0	2	2026-09-17T00:54:26Z	2026-09-17T00:58:22Z	0
cerulion_workspace_split_chrt0	2	2026-09-17T00:58:22Z	2026-09-17T01:02:19Z	0
cerulion_workspace_mono_chrt0	3	2026-09-17T01:02:19Z	2026-09-17T01:06:15Z	0
cerulion_workspace_split_chrt0	3	2026-09-17T01:06:15Z	2026-09-17T01:10:18Z	0
cerulion_workspace_mono_chrt0	4	2026-09-17T01:10:18Z	2026-09-17T01:14:15Z	0
cerulion_workspace_split_chrt0	4	2026-09-17T01:14:15Z	2026-09-17T01:18:13Z	0
cerulion_workspace_mono_chrt0	5	2026-09-17T01:18:14Z	2026-09-17T01:22:15Z	0
cerulion_workspace_split_chrt0	5	2026-09-17T01:22:15Z	2026-09-17T01:26:16Z	0
cerulion_workspace_mono_chrt0	1	2026-09-17T01:27:30Z	2026-09-17T01:32:16Z	0
